Overall Rank,Pos Rank,Player,Team,Pos,Depth Chart,Projected Points,Value,Projected Round
1,1,Christian McCaffrey,SF,RB,RB1,347.96,246.02,1
2,1,CeeDee Lamb,DAL,WR,WR1,337.44,195.59,1
3,2,Breece Hall,NYJ,RB,RB1,292.15,190.21,1
4,3,Bijan Robinson,ATL,RB,RB1,290.82,188.88,1
5,2,Tyreek Hill,MIA,WR,WR1,326.09,184.25,1
6,4,Saquon Barkley,PHI,RB,RB1,263.8,161.86,1
7,3,Amon-Ra St. Brown,DET,WR,WR1,298.49,156.64,1
8,4,Ja'Marr Chase,CIN,WR,WR1,292.14,150.3,1
9,5,Justin Jefferson,MIN,WR,WR1,290.7,148.86,1
10,5,Jonathan Taylor,IND,RB,RB1,247.82,145.88,1
11,6,Puka Nacua,LAR,WR,WR1,277.13,135.29,1
12,6,Jahmyr Gibbs,DET,RB,RB1,237.17,135.23,1
13,7,A.J. Brown,PHI,WR,WR1,275.7,133.85,2
14,7,Kyren Williams,LAR,RB,RB1,233.56,131.62,2
15,8,De'Von Achane,MIA,RB,RB1,227.22,125.28,2
16,9,Travis Etienne Jr.,JAC,RB,RB1,225.25,123.31,2
17,10,James Cook,BUF,RB,RB1,224.92,122.98,2
18,11,Rachaad White,TB,RB,RB1,224.69,122.75,2
19,8,Garrett Wilson,NYJ,WR,WR1,264.18,122.33,2
20,12,Isiah Pacheco,KC,RB,RB1,223.81,121.87,2
21,13,Derrick Henry,BAL,RB,RB1,223.67,121.73,2
22,14,Alvin Kamara,NO,RB,RB1,223.19,121.25,2
23,15,Josh Jacobs,GB,RB,RB1,216.9,114.96,2
24,16,Joe Mixon,HOU,RB,RB1,213.19,111.25,2
25,1,Josh Allen,BUF,QB,QB1,445.74,109.39,3
26,2,Jalen Hurts,PHI,QB,QB1,445.2,108.84,3
27,9,Chris Olave,NO,WR,WR1,246.23,104.38,3
28,10,Marvin Harrison Jr.,ARI,WR,WR1,245.9,104.06,3
29,11,Davante Adams,LV,WR,WR1,244.01,102.17,3
30,17,Aaron Jones,MIN,RB,RB1,201.99,100.05,3
31,12,Nico Collins,HOU,WR,WR1,240.52,98.67,3
32,3,Patrick Mahomes II,KC,QB,QB1,434.96,98.61,3
33,13,Cooper Kupp,LAR,WR,WR2,240.45,98.6,3
34,14,Drake London,ATL,WR,WR1,240.13,98.28,3
35,15,DeVonta Smith,PHI,WR,WR2,236.28,94.43,3
36,16,Mike Evans,TB,WR,WR1,236.17,94.32,3
37,17,Deebo Samuel Sr.,SF,WR,WR1,234.68,92.84,4
38,18,Kenneth Walker III,SEA,RB,RB1,194.14,92.2,4
39,19,James Conner,ARI,RB,RB1,193.79,91.85,4
40,20,Zamir White,LV,RB,RB1,190.92,88.98,4
41,21,Rhamondre Stevenson,NE,RB,RB1,190.62,88.68,4
42,18,Brandon Aiyuk,SF,WR,WR2,230.48,88.63,4
43,22,D'Andre Swift,CHI,RB,RB1,188.83,86.89,4
44,19,DK Metcalf,SEA,WR,WR1,228.03,86.18,4
45,20,Jaylen Waddle,MIA,WR,WR2,227.79,85.95,4
46,21,Amari Cooper,CLE,WR,WR1,227.33,85.48,4
47,22,Stefon Diggs,HOU,WR,WR2,226.37,84.52,4
48,23,Michael Pittman Jr.,IND,WR,WR1,226.14,84.29,4
49,24,DJ Moore,CHI,WR,WR1,226.04,84.2,5
50,23,Najee Harris,PIT,RB,RB2,185.32,83.38,5
51,24,David Montgomery,DET,RB,RB2,183.62,81.68,5
52,25,Jaylen Warren,PIT,RB,RB1,182.49,80.55,5
53,25,George Pickens,PIT,WR,WR1,218.92,77.07,5
54,4,Lamar Jackson,BAL,QB,QB1,413.09,76.73,5
55,26,Javonte Williams,DEN,RB,RB1,178.65,76.71,5
56,26,Zay Flowers,BAL,WR,WR1,217.96,76.11,5
57,27,Tank Dell,HOU,WR,WR3,216.57,74.72,5
58,28,Tee Higgins,CIN,WR,WR2,216.28,74.43,5
59,27,Raheem Mostert,MIA,RB,RB2,175.94,74,5
60,28,Brian Robinson Jr.,WAS,RB,RB1,175.55,73.61,5
61,29,Tony Pollard,TEN,RB,RB1,174.72,72.78,6
62,29,Malik Nabers,NYG,WR,WR1,214.24,72.39,6
63,30,Zack Moss,CIN,RB,RB2,174.25,72.31,6
64,30,Chris Godwin,TB,WR,WR2,213.76,71.91,6
65,1,Travis Kelce,KC,TE,TE1,217.46,71.38,6
66,5,C.J. Stroud,HOU,QB,QB1,407.52,71.17,6
67,31,Christian Kirk,JAC,WR,WR1,211.88,70.04,6
68,31,Devin Singletary,NYG,RB,RB1,171.37,69.43,6
69,32,Tyjae Spears,TEN,RB,RB2,170.06,68.12,6
70,2,Sam LaPorta,DET,TE,TE1,213.59,67.52,6
71,33,Chase Brown,CIN,RB,RB1,169.33,67.39,6
72,32,Calvin Ridley,TEN,WR,WR2,208.05,66.2,6
73,34,Austin Ekeler,WAS,RB,RB2,168.04,66.1,7
74,6,Dak Prescott,DAL,QB,QB1,401.67,65.32,7
75,7,Joe Burrow,CIN,QB,QB1,400.22,63.86,7
76,33,Terry McLaurin,WAS,WR,WR1,203.92,62.07,7
77,35,Nick Chubb,CLE,RB,RB1,163.86,61.92,7
78,34,Rashee Rice,KC,WR,WR1,202.21,60.36,7
79,35,Jayden Reed,GB,WR,WR1,201.44,59.59,7
80,36,Keenan Allen,CHI,WR,WR2,201.3,59.46,7
81,8,Brock Purdy,SF,QB,QB1,394.1,57.75,7
82,9,Jordan Love,GB,QB,QB1,390.88,54.52,7
83,3,Mark Andrews,BAL,TE,TE1,199.92,53.85,7
84,36,Gus Edwards,LAC,RB,RB1,153.51,51.57,7
85,37,Jonathon Brooks,CAR,RB,RB1,153.32,51.38,8
86,4,Trey McBride,ARI,TE,TE1,196.88,50.8,8
87,37,Diontae Johnson,CAR,WR,WR1,191.09,49.25,8
88,38,Jerome Ford,CLE,RB,RB2,151.18,49.24,8
89,39,Ezekiel Elliott,DAL,RB,RB1,150.73,48.79,8
90,10,Anthony Richardson,IND,QB,QB1,383,46.64,8
91,5,Dalton Kincaid,BUF,TE,TE1,190.82,44.75,8
92,6,George Kittle,SF,TE,TE1,188.54,42.46,8
93,38,Jordan Addison,MIN,WR,WR2,183.61,41.77,8
94,39,DeAndre Hopkins,TEN,WR,WR1,183.55,41.71,8
95,40,Rome Odunze,CHI,WR,WR3,182.25,40.4,8
96,11,Kyler Murray,ARI,QB,QB1,376.46,40.11,8
97,41,Hollywood Brown,KC,WR,WR3,181.95,40.1,9
98,42,Ladd McConkey,LAC,WR,WR2,180.27,38.42,9
99,12,Jared Goff,DET,QB,QB1,374.63,38.27,9
100,43,Xavier Worthy,KC,WR,WR2,178.75,36.9,9
101,7,Kyle Pitts,ATL,TE,TE1,182.06,35.99,9
102,44,Christian Watson,GB,WR,WR2,177.67,35.82,9
103,45,Courtland Sutton,DEN,WR,WR1,177.21,35.37,9
104,13,Trevor Lawrence,JAC,QB,QB1,371,34.65,9
105,14,Justin Herbert,LAC,QB,QB1,370.07,33.72,9
106,46,Jaxon Smith-Njigba,SEA,WR,WR2,174.89,33.04,9
107,47,Tyler Lockett,SEA,WR,WR3,174.79,32.94,9
108,40,Antonio Gibson,NE,RB,RB2,133.43,31.49,9
109,8,Evan Engram,JAC,TE,TE1,177.02,30.94,10
110,48,Jerry Jeudy,CLE,WR,WR2,172.25,30.41,10
111,41,Rico Dowdle,DAL,RB,RB2,132.06,30.12,10
112,49,Brian Thomas Jr.,JAC,WR,WR2,171.87,30.03,10
113,42,Zach Charbonnet,SEA,RB,RB2,131.27,29.33,10
114,50,Jameson Williams,DET,WR,WR2,169.69,27.85,10
115,9,Jake Ferguson,DAL,TE,TE1,173.34,27.26,10
116,43,Tyler Allgeier,ATL,RB,RB2,129.03,27.09,10
117,51,Curtis Samuel,BUF,WR,WR1,168.23,26.38,10
118,52,Romeo Doubs,GB,WR,WR3,167.95,26.1,10
119,53,Joshua Palmer,LAC,WR,WR1,167.89,26.05,10
120,44,J.K. Dobbins,LAC,RB,RB2,127.96,26.02,10
121,54,Jakobi Meyers,LV,WR,WR2,167.1,25.25,11
122,55,Khalil Shakir,BUF,WR,WR2,166.54,24.69,11
123,10,David Njoku,CLE,TE,TE1,170.66,24.58,11
124,15,Tua Tagovailoa,MIA,QB,QB1,360.55,24.2,11
125,56,Keon Coleman,BUF,WR,WR3,165.88,24.04,11
126,45,Trey Benson,ARI,RB,RB2,125.92,23.98,11
127,46,Blake Corum,LAR,RB,RB2,125.58,23.64,11
128,47,Chuba Hubbard,CAR,RB,RB2,125.31,23.37,11
129,57,Adam Thielen,CAR,WR,WR2,163.78,21.94,11
130,58,Brandin Cooks,DAL,WR,WR2,163.63,21.79,11
131,16,Caleb Williams,CHI,QB,QB1,357.4,21.05,11
132,17,Kirk Cousins,ATL,QB,QB1,356.8,20.44,11
133,1,Baltimore Ravens,BAL,DST,,142.5,20.43,12
134,1,Younghoe Koo,ATL,K,PK1,168.06,18.18,12
135,59,Mike Williams,NYJ,WR,WR2,159.95,18.1,12
136,60,DeMario Douglas,NE,WR,WR1,158.89,17.04,12
137,48,Ty Chandler,MIN,RB,RB2,118.31,16.37,12
138,2,Dallas Cowboys,DAL,DST,,138.27,16.2,12
139,49,Jaleel McLaughlin,DEN,RB,RB2,117.94,16,12
140,18,Matthew Stafford,LAR,QB,QB1,351.93,15.57,12
141,19,Baker Mayfield,TB,QB,QB1,350.24,13.88,12
142,61,Rashid Shaheed,NO,WR,WR2,155.42,13.57,12
143,3,Kansas City Chiefs,KC,DST,,135.17,13.1,12
144,11,Dallas Goedert,PHI,TE,TE1,158.63,12.56,12
145,12,Brock Bowers,LV,TE,TE1,158.15,12.07,13
146,2,Harrison Butker,KC,K,PK1,161.15,11.27,13
147,3,Justin Tucker,BAL,K,PK1,160.72,10.85,13
148,4,New York Jets,NYJ,DST,,131.83,9.77,13
149,4,Brandon Aubrey,DAL,K,PK1,159.4,9.52,13
150,20,Jayden Daniels,WAS,QB,QB1,345.38,9.03,13
151,21,Derek Carr,NO,QB,QB1,344.76,8.4,13
152,22,Deshaun Watson,CLE,QB,QB1,344.34,7.99,13
153,5,Buffalo Bills,BUF,DST,,129.73,7.67,13
154,62,Gabe Davis,JAC,WR,#N/A,149.49,7.64,13
155,6,Pittsburgh Steelers,PIT,DST,,128.83,6.77,13
156,50,Khalil Herbert,CHI,RB,RB2,108.57,6.63,13
157,51,Ray Davis,BUF,RB,RB2,108.21,6.27,14
158,52,Kendre Miller,NO,RB,RB2,106.01,4.07,14
159,63,Wan'Dale Robinson,NYG,WR,WR3,145.77,3.92,14
160,7,San Francisco 49ers,SF,DST,,125.47,3.4,14
161,64,Ja'Lynn Polk,NE,WR,WR2,144.99,3.14,14
162,53,Carson Steele,KC,RB,RB3,104.7,2.76,14
163,5,Evan McPherson,CIN,K,PK1,152.33,2.45,14
164,65,Darnell Mooney,ATL,WR,WR2,144.23,2.38,14
165,6,Ka'imi Fairbairn,HOU,K,PK1,151.99,2.11,14
166,23,Aaron Rodgers,NYJ,QB,QB1,338.44,2.09,14
167,7,Jason Myers,SEA,K,PK1,151.86,1.98,14
168,8,Houston Texans,HOU,DST,,124.03,1.97,14
169,8,Jake Elliott,PHI,K,PK1,151.72,1.84,15
170,66,Josh Downs,IND,WR,WR2,143.48,1.63,15
171,9,Cleveland Browns,CLE,DST,,123.57,1.5,15
172,13,Dalton Schultz,HOU,TE,TE1,147.49,1.41,15
173,10,Indianapolis Colts,IND,DST,,123.2,1.13,15
174,54,Clyde Edwards-Helaire,KC,RB,RB2,102.73,0.79,15
175,9,Cameron Dicker,LAC,K,PK1,150.43,0.55,15
176,11,Miami Dolphins,MIA,DST,,122.2,0.13,15
177,24,Geno Smith,SEA,QB,QB1,336.35,0,15
177,55,MarShawn Lloyd,GB,RB,RB2,101.94,0,15
177,10,Greg Zuerlein,NYJ,K,PK1,149.88,0,15
177,12,Philadelphia Eagles,PHI,DST,,122.07,0,15
181,14,Pat Freiermuth,PIT,TE,TE1,145.88,-0.2,16
182,11,Blake Grupe,NO,K,PK1,148.68,-1.2,16
183,67,Michael Wilson,ARI,WR,WR2,139.88,-1.97,16
184,56,Tyrone Tracy Jr.,NYG,RB,RB2,99.87,-2.07,16
185,57,Kenneth Gainwell,PHI,RB,RB2,99.55,-2.39,16
186,68,Adonai Mitchell,IND,WR,WR3,138.95,-2.89,16
187,58,Miles Sanders,CAR,RB,RB3,99.03,-2.91,16
188,59,D'Onta Foreman,CLE,RB,RB3,98.95,-2.99,16
189,12,Jake Moody,SF,K,PK1,146.52,-3.36,16
190,60,Keaton Mitchell,BAL,RB,RB3,98.56,-3.38,16
191,13,Cam Little,JAC,K,PK1,145.96,-3.91,16
192,61,Bucky Irving,TB,RB,RB2,97.71,-4.23,16
193,13,Cincinnati Bengals,CIN,DST,,117.77,-4.3,
194,14,Matt Gay,IND,K,PK1,145.5,-4.38,
195,15,Jason Sanders,MIA,K,PK1,145.42,-4.46,
196,14,Los Angeles Chargers,LAC,DST,,116.87,-5.2,
197,15,T.J. Hockenson,MIN,TE,TE1,140.78,-5.3,
198,69,Jahan Dotson,WAS,WR,WR3,136.42,-5.43,
199,16,Tyler Bass,BUF,K,PK1,143.97,-5.9,
200,17,Cairo Santos,CHI,K,PK1,143.46,-6.42,
201,18,Dustin Hopkins,CLE,K,PK1,142.97,-6.9,
202,15,Green Bay Packers,GB,DST,,114.8,-7.27,
203,16,Seattle Seahawks,SEA,DST,,114.67,-7.4,
204,16,Cole Kmet,CHI,TE,TE1,138.41,-7.66,
205,70,Dontayvion Wicks,GB,WR,WR4,133.98,-7.87,
206,62,Braelon Allen,NYJ,RB,RB2,93.69,-8.25,
207,17,New York Giants,NYG,DST,,113.73,-8.33,
208,18,New Orleans Saints,NO,DST,,113.63,-8.43,
209,19,Tampa Bay Buccaneers,TB,DST,,113.6,-8.47,
210,19,Chase McLaughlin,TB,K,PK1,141.29,-8.58,
211,71,Demarcus Robinson,LAR,WR,WR3,132.94,-8.91,
212,20,Las Vegas Raiders,LV,DST,,112.73,-9.33,
213,20,Joshua Karty,LAR,K,PK1,140.01,-9.86,
214,21,Jacksonville Jaguars,JAC,DST,,111.8,-10.27,
215,72,Kendrick Bourne,NE,WR,WR4,131.21,-10.64,
216,21,Matt Prater,ARI,K,PK1,139.08,-10.8,
217,73,Rashod Bateman,BAL,WR,WR3,130.57,-11.27,
218,74,Xavier Legette,CAR,WR,WR3,130.47,-11.37,
219,22,Washington Commanders,WAS,DST,,110.43,-11.63,
220,75,Troy Franklin,DEN,WR,WR5,130.11,-11.73,
221,22,Jake Bates,DET,K,PK1,137.9,-11.98,
222,23,Detroit Lions,DET,DST,,110,-12.07,
223,24,Minnesota Vikings,MIN,DST,,109.6,-12.47,
224,63,Alexander Mattison,LV,RB,RB2,88.69,-13.25,
225,76,Quentin Johnston,LAC,WR,WR3,128.39,-13.46,
226,25,Atlanta Falcons,ATL,DST,,107.7,-14.37,
227,26,Chicago Bears,CHI,DST,,107.2,-14.87,
228,77,Marvin Mims Jr.,DEN,WR,WR4,126.66,-15.19,
229,23,Chris Boswell,PIT,K,PK1,132.82,-17.05,
230,27,New England Patriots,NE,DST,,104.97,-17.1,
231,28,Denver Broncos,DEN,DST,,104.7,-17.37,
232,29,Tennessee Titans,TEN,DST,,104.4,-17.67,
233,30,Los Angeles Rams,LAR,DST,,104.07,-18,
234,24,Wil Lutz,DEN,K,PK1,131.32,-18.55,
235,78,Darius Slayton,NYG,WR,WR2,123.05,-18.8,
236,79,Jermaine Burton,CIN,WR,WR4,122.53,-19.32,
237,25,Daniel Carlson,LV,K,PK1,130.28,-19.6,
238,80,DJ Chark Jr.,LAC,WR,WR4,121.82,-20.03,
239,31,Arizona Cardinals,ARI,DST,,101.6,-20.47,
240,81,Roman Wilson,PIT,WR,WR3,121,-20.85,
241,26,Nick Folk,TEN,K,PK1,128.64,-21.24,
242,64,Elijah Mitchell,SF,RB,RB3,80.14,-21.8,
243,65,Jamaal Williams,NO,RB,RB3,79.99,-21.95,
244,82,Jalen McMillan,TB,WR,WR3,119.1,-22.75,
245,17,Hunter Henry,NE,TE,TE1,123.13,-22.95,
246,18,Luke Musgrave,GB,TE,TE1,122.67,-23.41,
247,27,Will Reichard,MIN,K,PK1,126.06,-23.82,
248,32,Carolina Panthers,CAR,DST,,96.87,-25.2,
249,25,Daniel Jones,NYG,QB,QB1,310.44,-25.91,
250,83,Ricky Pearsall,SF,WR,WR3,115.83,-26.02,
251,66,Dameon Pierce,HOU,RB,RB2,75.48,-26.46,
252,19,Tyler Conklin,NYJ,TE,TE1,119.5,-26.57,
253,20,Cade Otton,TB,TE,TE1,119.34,-26.74,
254,67,Kimani Vidal,LAC,RB,RB3,75.11,-26.84,
255,26,Will Levis,TEN,QB,QB1,309.03,-27.32,
256,84,Greg Dortch,ARI,WR,WR3,114.32,-27.52,
257,28,Eddy Pineiro,CAR,K,PK1,121.66,-28.22,
258,85,Odell Beckham Jr.,MIA,WR,WR3,112.91,-28.94,
259,29,Graham Gano,NYG,K,PK1,120.63,-29.25,
260,86,Malachi Corley,NYJ,WR,WR5,112.13,-29.72,
261,87,Tyler Boyd,TEN,WR,WR3,109.79,-32.06,
262,88,Elijah Moore,CLE,WR,WR3,109.11,-32.73,
263,89,Tim Patrick,DEN,WR,WR2,108.74,-33.1,
264,90,Zay Jones,ARI,WR,WR5,108.72,-33.13,
265,68,Samaje Perine,DEN,RB,RB4,66.87,-35.07,
266,69,Roschon Johnson,CHI,RB,RB3,66.73,-35.22,
267,21,Noah Fant,SEA,TE,TE1,109.33,-36.74,
268,70,Jaylen Wright,MIA,RB,RB3,64.96,-36.98,
269,91,Luke McCaffrey,WAS,WR,WR2,104.64,-37.21,
270,22,Chigoziem Okonkwo,TEN,TE,TE1,108.16,-37.92,
271,71,AJ Dillon,GB,RB,RB3,63.33,-38.61,
272,92,Jalen Tolbert,DAL,WR,WR3,101.33,-40.52,
273,93,Jonathan Mingo,CAR,WR,WR4,99.46,-42.39,
274,72,Tank Bigsby,JAC,RB,RB2,58.9,-43.05,
275,94,Josh Reynolds,DEN,WR,WR3,98.49,-43.35,
276,73,Justice Hill,BAL,RB,RB2,57.13,-44.82,
277,30,Chad Ryland,NE,K,PK1,102.07,-47.81,
278,95,Treylon Burks,TEN,WR,WR4,93.88,-47.97,
279,96,Ray Ray McCloud III,ATL,WR,WR3,93.72,-48.13,
280,23,Juwan Johnson,NO,TE,TE1,97.89,-48.18,
281,97,Andrei Iosivas,CIN,WR,WR3,92.59,-49.26,
282,74,Audric Estime,DEN,RB,RB3,51.39,-50.55,
283,75,Chase Edmonds,TB,RB,RB3,51.38,-50.56,
284,76,Trey Sermon,IND,RB,RB2,51.37,-50.58,
285,77,Will Shipley,PHI,RB,RB3,51.33,-50.61,
286,31,Anders Carlson,GB,K,PK1,99.09,-50.79,
287,98,A.T. Perry,NO,WR,WR3,90.73,-51.12,
288,99,Tre Tucker,LV,WR,WR3,90.06,-51.79,
289,27,Russell Wilson,PIT,QB,QB1,283.7,-52.66,
290,78,Emari Demercado,ARI,RB,RB3,49,-52.94,
291,24,Jonnu Smith,MIA,TE,TE1,92.89,-53.19,
292,25,Isaiah Likely,BAL,TE,TE2,92.5,-53.58,
293,26,Ben Sinnott,WAS,TE,TE2,92.23,-53.85,
294,100,Javon Baker,NE,WR,WR5,87.2,-54.65,
295,101,Jalin Hyatt,NYG,WR,WR4,86.12,-55.73,
296,28,Bryce Young,CAR,QB,QB1,279.46,-56.9,
297,32,Greg Joseph,GB,K,PK2,90.8,-59.08,
298,79,Pierre Strong Jr.,CLE,RB,RB4,42.6,-59.34,
299,27,Tucker Kraft,GB,TE,TE2,86.16,-59.91,
300,102,Parker Washington,JAC,WR,WR4,81.42,-60.43,
301,103,Devontez Walker,BAL,WR,WR4,80.29,-61.56,
302,104,K.J. Osborn,NE,WR,WR3,80.19,-61.66,
303,80,Jordan Mason,SF,RB,RB2,40.11,-61.84,
304,105,Alec Pierce,IND,WR,WR4,79.9,-61.95,
305,106,Jauan Jennings,SF,WR,WR4,78.92,-62.93,
306,28,Hayden Hurst,LAC,TE,TE2,82.81,-63.26,
307,81,Kyle Juszczyk,SF,RB,RB5,37.12,-64.82,
308,107,Jalen Nailor,MIN,WR,WR3,76.83,-65.02,
309,29,Greg Dulcich,DEN,TE,TE1,80.79,-65.29,
310,30,Ja'Tavion Sanders,CAR,TE,TE1,79.81,-66.27,
311,33,Riley Patterson,WAS,K,#N/A,83.44,-66.44,
312,82,Isaac Guerendo,SF,RB,RB4,34.63,-67.31,
313,108,Brandon Johnson,DEN,WR,WR6,74.53,-67.32,
314,31,Mike Gesicki,CIN,TE,TE1,78.5,-67.57,
315,32,Colby Parkinson,LAR,TE,TE1,78.48,-67.59,
316,109,Trenton Irwin,CIN,WR,WR5,74.04,-67.81,
317,83,Deuce Vaughn,DAL,RB,RB3,33.77,-68.17,
318,33,Dawson Knox,BUF,TE,TE2,77.89,-68.19,
319,84,Rasheen Ali,BAL,RB,RB4,33.72,-68.22,
320,110,Trey Palmer,TB,WR,WR4,73.37,-68.48,
321,85,Ameer Abdullah,LV,RB,RB4,32.96,-68.98,
322,29,Bo Nix,DEN,QB,QB1,266.37,-69.99,
323,86,Jase McClellan,ATL,RB,#N/A,31.67,-70.27,
324,87,Kendall Milton,PHI,RB,#N/A,31.1,-70.84,
325,111,Calvin Austin III,PIT,WR,WR4,70.82,-71.03,
326,88,Emani Bailey,KC,RB,#N/A,30.25,-71.69,
327,89,Andrew Beck,HOU,RB,RB6,29.83,-72.11,
328,112,Dyami Brown,WAS,WR,WR3,69.7,-72.15,
329,90,Nyheim Hines,CLE,RB,RB5,29.7,-72.24,
330,34,Zach Ertz,WAS,TE,TE1,73.28,-72.8,
331,113,Kalif Raymond,DET,WR,WR3,68.75,-73.1,
332,35,Daniel Bellinger,NYG,TE,TE1,72.81,-73.26,
333,114,KaVontae Turpin,DAL,WR,WR5,68.51,-73.33,
334,115,Van Jefferson,PIT,WR,WR2,68.15,-73.7,
335,116,Cedrick Wilson Jr.,NO,WR,#N/A,66.82,-75.03,
336,117,Cedric Tillman,CLE,WR,WR4,65.85,-76,
337,36,Tyler Higbee,LAR,TE,TE2,70.06,-76.01,
338,37,Michael Mayer,LV,TE,TE2,69.99,-76.08,
339,118,Xavier Gipson,NYJ,WR,WR3,64.56,-77.29,
340,91,Ronnie Rivers,LAR,RB,RB3,24.03,-77.91,
341,38,Taysom Hill,NO,TE,QB2,67.82,-78.25,
342,92,Jeremy McNichols,WAS,RB,#N/A,23.23,-78.71,
343,93,Craig Reynolds,DET,RB,RB3,22.88,-79.06,
344,119,Nelson Agholor,BAL,WR,WR2,62.67,-79.18,
345,39,Gerald Everett,CHI,TE,TE2,66.87,-79.2,
346,94,Hunter Luepke,DAL,RB,#N/A,22.35,-79.59,
347,40,Donald Parham Jr.,LAC,TE,#N/A,65.49,-80.58,
348,41,Theo Johnson,NYG,TE,TE2,65.29,-80.78,
349,42,Jelani Woods,IND,TE,#N/A,63.45,-82.63,
350,95,JaMycal Hasty,NE,RB,RB4,19.04,-82.9,
351,96,Isaiah Spiller,LAC,RB,RB5,18.92,-83.02,
352,97,Cody Schrader,SF,RB,#N/A,17.15,-84.79,
353,43,Noah Gray,KC,TE,TE2,58.91,-87.16,
354,98,Dante Miller,NYG,RB,#N/A,12.2,-89.74,
355,120,Tutu Atwell,LAR,WR,WR5,51.27,-90.58,
356,44,Will Dissly,LAC,TE,TE1,54.9,-91.17,
357,121,Noah Brown,HOU,WR,WR4,50.1,-91.75,
358,122,Jake Bobo,SEA,WR,WR4,50.03,-91.82,
359,45,Tommy Tremble,CAR,TE,TE2,53.86,-92.22,
360,123,Parris Campbell,PHI,WR,WR4,47.46,-94.39,
361,46,Jaheim Bell,NE,TE,#N/A,51.5,-94.57,
362,124,Brandon Powell,MIN,WR,WR4,47.22,-94.63,
363,47,Tanner Hudson,CIN,TE,TE4,50.63,-95.45,
364,48,Kylen Granson,IND,TE,TE1,49.46,-96.61,
365,125,Tyler Scott,CHI,WR,WR4,44.95,-96.9,
366,99,Tyler Goodson,IND,RB,RB4,4.93,-97.01,
367,49,Durham Smythe,MIA,TE,TE2,48.41,-97.66,
368,50,Robert Tonyan,MIN,TE,#N/A,47.91,-98.16,
369,51,Josh Whyle,TEN,TE,TE2,46.31,-99.77,
370,126,Marquez Valdes-Scantling,BUF,WR,WR4,41.38,-100.47,
371,30,Drake Maye,NE,QB,QB2,235.61,-100.75,
372,52,Brevin Jordan,HOU,TE,TE2,44.91,-101.16,
373,127,KhaDarel Hodge,ATL,WR,WR4,40.43,-101.42,
374,128,Bub Means,NO,WR,WR5,40.39,-101.46,
375,129,Quez Watkins,PIT,WR,WR5,40.1,-101.75,
376,53,Johnny Mundt,MIN,TE,TE3,43.8,-102.27,
377,54,Adam Trautman,DEN,TE,TE2,43,-103.07,
378,130,Kadarius Toney,KC,WR,WR7,37.22,-104.63,
379,55,Jeremy Ruckert,NYJ,TE,TE2,41.12,-104.95,
380,131,Mack Hollins,BUF,WR,WR5,36.24,-105.61,
381,56,Mo Alie-Cox,IND,TE,TE2,40.15,-105.92,
382,57,Elijah Higgins,ARI,TE,TE3,40.06,-106.01,
383,58,Brock Wright,DET,TE,TE2,39.16,-106.91,
384,132,James Washington,ATL,WR,#N/A,34.81,-107.04,
385,59,Austin Hooper,NE,TE,TE2,38.84,-107.23,
386,133,Cornelius Johnson,LAC,WR,#N/A,33.6,-108.25,
387,134,Malik Washington,MIA,WR,WR4,33.53,-108.32,
388,60,Josh Oliver,MIN,TE,TE2,37.49,-108.58,
389,135,Ryan Flournoy,DAL,WR,WR7,32.72,-109.13,
390,136,D.J. Montgomery,IND,WR,WR7,32.52,-109.33,
391,137,Allen Lazard,NYJ,WR,WR4,32.24,-109.61,
392,138,Jamari Thrash,CLE,WR,WR5,31.7,-110.15,
393,139,Brenden Rice,LAC,WR,WR7,31.2,-110.65,
394,140,Mason Tipton,NO,WR,#N/A,31.1,-110.75,
395,141,Derius Davis,LAC,WR,WR5,31.07,-110.78,
396,142,Jacob Cowing,SF,WR,WR6,31,-110.85,
397,61,Will Mallory,IND,TE,TE3,34.85,-111.22,
398,143,Justin Watson,KC,WR,WR4,30.19,-111.66,
399,144,Tahj Washington,MIA,WR,#N/A,30.1,-111.75,
400,145,Casey Washington,ATL,WR,WR5,29.58,-112.27,
401,146,Marcus Rosemy0Jacksaint,WAS,WR,#N/A,29.2,-112.65,
401,146,Tejhaun Palmer,ARI,WR,#N/A,29.2,-112.65,
403,148,Jordan Whittington,LAR,WR,WR4,29.16,-112.69,
404,62,Connor Heyward,PIT,TE,TE3,33.28,-112.79,
405,149,Nikko Remigio,KC,WR,#N/A,29,-112.85,
406,150,Ainias Smith,PHI,WR,WR6,28.93,-112.92,
407,63,Cade Stover,HOU,TE,TE3,32.95,-113.12,
408,64,Davis Allen,LAR,TE,TE3,32.54,-113.53,
409,151,Devaughn Vele,DEN,WR,#N/A,28.3,-113.55,
410,65,Jack Stoll,NYG,TE,#N/A,32.5,-113.57,
411,152,Jamison Crowder,WAS,WR,WR5,28.26,-113.59,
412,66,Foster Moreau,NO,TE,TE2,32.44,-113.63,
413,153,Braxton Berrios,MIA,WR,WR5,28.06,-113.79,
414,154,Russell Gage,BAL,WR,#N/A,27.7,-114.15,
415,155,Johnny Wilson,PHI,WR,WR5,26.79,-115.06,
416,67,Tanner McLachlan,CIN,TE,#N/A,30.8,-115.27,
417,68,Pharaoh Brown,SEA,TE,TE2,30.6,-115.47,
418,69,Trey Knox,MIN,TE,#N/A,30.5,-115.57,
419,70,Devin Culp,TB,TE,#N/A,30.45,-115.62,
420,71,Dallin Holker,NO,TE,#N/A,30.4,-115.67,
421,156,Trent Sherfield Sr.,MIN,WR,#N/A,25.77,-116.08,
422,72,Peyton Hendershot,DAL,TE,TE3,29.51,-116.56,
423,157,Donovan Peoples0Jones,DET,WR,#N/A,25.14,-116.71,
424,158,Jalen Guyton,LV,WR,WR4,24.95,-116.9,
425,73,Ian Thomas,CAR,TE,TE3,29.11,-116.96,
426,74,AJ Barner,SEA,TE,#N/A,28.85,-117.22,
427,75,Luke Schoonmaker,DAL,TE,TE2,28.68,-117.39,
428,159,Nick Westbrook0Ikhine,TEN,WR,#N/A,24.3,-117.55,
429,76,Brayden Willis,SF,TE,#N/A,28.1,-117.97,
430,77,Darnell Washington,PIT,TE,TE2,27.83,-118.24,
431,160,Isaiah Hodgins,NYG,WR,WR7,23.38,-118.47,
432,161,Danny Gray,SF,WR,#N/A,22.8,-119.05,
433,162,Chase Claypool,BUF,WR,#N/A,22.52,-119.33,
434,163,Mecole Hardman Jr.,KC,WR,#N/A,22.41,-119.44,
435,78,Irv Smith Jr.,KC,TE,#N/A,26.63,-119.44,
436,164,Xavier Hutchinson,HOU,WR,#N/A,22.3,-119.55,
437,165,Allen Robinson II,NYG,WR,#N/A,22.29,-119.56,
438,166,Skyy Moore,KC,WR,WR5,22,-119.85,
439,167,Deven Thompkins,CAR,WR,#N/A,21.73,-120.12,
440,79,Erick All Jr.,CIN,TE,#N/A,25.93,-120.14,
441,80,Eric Saubert,SF,TE,TE3,25.9,-120.17,
442,168,Rakim Jarrett,TB,WR,WR6,21.63,-120.22,
443,169,Robbie Chosen,SF,WR,#N/A,21.55,-120.3,
444,170,Isaiah McKenzie,NYG,WR,WR6,21.42,-120.43,
445,81,Stone Smartt,LAC,TE,TE3,25.41,-120.66,
446,82,Drew Ogletree,IND,TE,#N/A,25.4,-120.67,
447,171,David Bell,CLE,WR,WR6,21.15,-120.7,
448,172,David Moore,CAR,WR,WR7,21.13,-120.72,
449,83,La'Michael Pettway,NE,TE,#N/A,25.1,-120.97,
450,173,Devin Duvernay,JAC,WR,WR5,20.84,-121.01,
451,84,Jordan Akins,CLE,TE,TE2,25.04,-121.03,
452,174,Robert Woods,HOU,WR,WR5,20.78,-121.07,
453,175,Anthony Gould,IND,WR,#N/A,20.74,-121.11,
454,85,Tip Reiman,ARI,TE,TE2,24.92,-121.15,
454,85,Drew Sample,CIN,TE,TE3,24.92,-121.15,
456,176,Olamide Zaccheaus,WAS,WR,WR4,20.69,-121.16,
457,87,Brenton Strange,JAC,TE,TE2,24.9,-121.17,
458,88,Marcedes Lewis,CHI,TE,TE3,24.8,-121.27,
459,89,Jared Wiley,KC,TE,#N/A,24.28,-121.79,
460,177,Chris Moore,ARI,WR,WR4,20,-121.85,
461,90,Lucas Krull,DEN,TE,TE3,23.96,-122.11,
462,91,Teagan Quitoriano,HOU,TE,TE4,23.16,-122.91,
463,92,Payne Durham,TB,TE,TE3,23.08,-122.99,
464,178,Nsimba Webster,CHI,WR,WR5,18.55,-123.3,
465,179,John Metchie III,HOU,WR,#N/A,18.33,-123.52,
466,180,Jason Brownlee,NYJ,WR,WR6,17.89,-123.96,
467,181,Tyquan Thornton,NE,WR,WR7,17.77,-124.08,
468,182,Ronnie Bell,SF,WR,WR5,17.7,-124.15,
469,183,Kayshon Boutte,NE,WR,#N/A,17.41,-124.44,
470,184,Justyn Ross,KC,WR,WR7,17.32,-124.53,
471,185,Charlie Jones,CIN,WR,WR6,17,-124.85,
472,186,Deonte Harty,BAL,WR,WR6,16.97,-124.88,
473,187,Ashton Dulin,IND,WR,WR6,16.95,-124.9,
474,188,Sterling Shepard,TB,WR,WR5,16.94,-124.91,
475,93,Quintin Morris,BUF,TE,TE3,20.95,-125.12,
476,189,KJ Hamler,BUF,WR,WR7,16.67,-125.18,
477,190,Laviska Shenault Jr.,SEA,WR,#N/A,16.44,-125.41,
478,94,Cameron Latu,SF,TE,#N/A,20.53,-125.54,
478,94,James Mitchell,DET,TE,TE3,20.53,-125.54,
480,191,Kyle Philips,TEN,WR,WR6,16.25,-125.6,
481,192,Bo Melton,GB,WR,WR5,16.23,-125.62,
482,193,Michael Woods II,CLE,WR,#N/A,15.99,-125.86,
483,194,Ben Skowronek,HOU,WR,WR7,15.79,-126.06,
484,195,Zach Pascal,ARI,WR,WR6,15.75,-126.1,
485,196,Dee Eskridge,SEA,WR,#N/A,15.73,-126.12,
486,197,Malik Heath,GB,WR,WR6,15.61,-126.24,
487,198,Chris Conley,SF,WR,WR7,15.6,-126.25,
488,96,MyCole Pruitt,PIT,TE,#N/A,19.57,-126.5,
489,199,Jalen Brooks,DAL,WR,WR4,14.87,-126.98,
490,97,Miller Forristall,LAR,TE,#N/A,18.95,-127.12,
491,98,Harrison Bryant,LV,TE,TE3,18.94,-127.13,
492,99,Ben Sims,GB,TE,TE3,18.75,-127.32,
493,200,Scotty Miller,PIT,WR,WR6,14.48,-127.37,
494,100,Grant Calcaterra,PHI,TE,TE2,18.66,-127.41,
495,201,Tim Jones,JAC,WR,WR7,14.4,-127.45,
496,101,Ross Dwelley,ATL,TE,TE3,18.59,-127.48,
497,102,Luke Farrell,JAC,TE,TE4,18.49,-127.58,
498,202,Jalen Reagor,NE,WR,WR6,14.19,-127.66,
499,103,John Bates,WAS,TE,TE3,18.19,-127.88,
500,203,Equanimeous St. Brown,NO,WR,WR6,13.77,-128.08,
501,104,Armani Rogers,PHI,TE,#N/A,17.74,-128.33,
502,105,Giovanni Ricci,CLE,TE,#N/A,17.37,-128.7,
503,106,Lawrence Cager,NYG,TE,#N/A,16.61,-129.46,
504,107,Cole Turner,WAS,TE,TE4,16.53,-129.54,
505,204,Byron Pringle,WAS,WR,WR6,12.19,-129.66,
506,108,C.J. Uzomah,PHI,TE,#N/A,16.22,-129.85,
507,31,J.J. McCarthy,MIN,QB,#N/A,206.34,-130.02,
508,205,Terrace Marshall Jr.,CAR,WR,#N/A,11.81,-130.04,
509,109,Cole Fotheringham,LV,TE,#N/A,15.33,-130.74,
510,110,Charlie Woerner,ATL,TE,TE2,15.06,-131.01,
511,206,Racey McMath,DAL,WR,WR6,10.23,-131.62,
512,207,Damiere Byrd,BUF,WR,#N/A,9.87,-131.98,
512,207,Tylan Wallace,BAL,WR,WR5,9.87,-131.98,
514,111,Ko Kieft,TB,TE,TE2,14.06,-132.01,
515,209,Josh Ali,ATL,WR,#N/A,9.79,-132.06,
516,210,Tyler Johnson,LAR,WR,WR6,9.23,-132.62,
517,211,Dareke Young,SEA,WR,WR6,9.18,-132.67,
518,212,Easop Winston Jr.,SEA,WR,#N/A,9.16,-132.69,
519,112,Charlie Kolar,BAL,TE,TE3,13.38,-132.69,
520,213,River Cracraft,MIA,WR,#N/A,9.12,-132.73,
521,32,Gardner Minshew II,LV,QB,QB1,203.21,-133.14,
522,214,Denzel Mims,JAC,WR,#N/A,8.59,-133.26,
522,214,Dax Milne,LV,WR,#N/A,8.59,-133.26,
524,216,Ihmir Smith0Marsette,CAR,WR,#N/A,8.27,-133.58,
525,217,Jaelon Darden,CLE,WR,#N/A,8.12,-133.73,
526,218,James Proche II,CLE,WR,#N/A,8.1,-133.75,
526,218,Miles Boykin,NYG,WR,#N/A,8.1,-133.75,
526,218,Jha'Quan Jackson,TEN,WR,#N/A,8.1,-133.75,
529,221,DJ Turner,LV,WR,WR5,8.04,-133.81,
530,222,Lil'Jordan Humphrey,DEN,WR,WR7,7.87,-133.98,
531,223,Kristian Wilkerson,LV,WR,WR6,7.58,-134.27,
532,224,Trishton Jackson,MIN,WR,WR6,7.43,-134.42,
533,225,Phillip Dorsett II,DEN,WR,#N/A,7.28,-134.57,
534,226,Britain Covey,PHI,WR,WR7,6.37,-135.48,
535,227,N'Keal Harry,MIN,WR,#N/A,5.86,-135.99,
536,113,John Stephens Jr.,DAL,TE,#N/A,9.9,-136.17,
537,228,Tre'Quan Smith,DET,WR,#N/A,5.54,-136.31,
538,114,Josiah Deguara,JAC,TE,TE3,9.58,-136.49,
539,229,Andy Isabella,BUF,WR,WR6,5.31,-136.54,
540,230,Velus Jones Jr.,CHI,WR,#N/A,5.2,-136.65,
541,231,Montrell Washington,KC,WR,#N/A,5.13,-136.72,
542,232,Tom Kennedy,DET,WR,WR7,5.12,-136.73,
543,233,Daurice Fountain,DET,WR,WR6,5.1,-136.75,
543,233,Maurice Alexander,DET,WR,#N/A,5.1,-136.75,
545,235,Samori Toure,GB,WR,WR7,5.02,-136.83,
545,235,Braylon Sanders,MIA,WR,#N/A,5.02,-136.83,
547,237,Erik Ezukanma,MIA,WR,WR6,5.01,-136.84,
548,115,Kenny Yeboah,NYJ,TE,TE4,9.23,-136.84,
549,238,Seth Williams,JAC,WR,#N/A,4.99,-136.86,
550,239,Elijah Cooks,JAC,WR,#N/A,4.97,-136.88,
551,240,Collin Johnson,CHI,WR,WR7,4.94,-136.91,
552,241,Simi Fehoko,LAC,WR,WR6,4.93,-136.92,
553,242,Anthony Schwartz,MIA,WR,#N/A,4.89,-136.96,
554,243,Stanley Morgan Jr.,NO,WR,#N/A,4.87,-136.98,
555,244,Cephus Johnson III,TB,WR,#N/A,4.86,-136.99,
556,245,Cody White,SEA,WR,#N/A,4.85,-137,
557,246,Irvin Charles,NYJ,WR,#N/A,4.78,-137.07,
557,246,Malik Taylor,NYJ,WR,WR7,4.78,-137.07,
559,248,Lance McCutcheon,NYJ,WR,#N/A,4.76,-137.09,
560,249,DeAndre Carter,CHI,WR,WR6,4.7,-137.15,
561,250,Jacob Harris,PHI,WR,#N/A,4.65,-137.2,
562,251,Mason Kinsey,TEN,WR,WR7,4.63,-137.22,
562,251,Colton Dowell,TEN,WR,#N/A,4.63,-137.22,
564,253,Tyrie Cleveland,IND,WR,#N/A,4.54,-137.31,
565,254,Juwann Winfree,IND,WR,#N/A,4.5,-137.35,
566,255,Jalen Virgil,DEN,WR,#N/A,4.44,-137.41,
567,256,Dez Fitzpatrick,PIT,WR,WR7,4.37,-137.48,
567,256,Andre Baccellia,ARI,WR,#N/A,4.37,-137.48,
569,258,David Sills,DEN,WR,#N/A,4.35,-137.5,
570,259,Cam Sims,CAR,WR,#N/A,4.29,-137.56,
571,260,Gunner Olszewski,NYG,WR,#N/A,4.08,-137.77,
572,261,Mike Strachan,CAR,WR,#N/A,4.07,-137.78,
573,116,Nick Vannett,TEN,TE,TE3,8.27,-137.8,
574,262,Kawaan Baker,NE,WR,#N/A,4.04,-137.81,
575,263,Quintez Cephus,HOU,WR,#N/A,1.25,-140.6,
576,117,Tre' McKitty,BUF,TE,#N/A,5.35,-140.72,
577,118,Dalton Keene,HOU,TE,#N/A,5.32,-140.75,
578,119,Jody Fortson Jr.,MIA,TE,#N/A,5.27,-140.8,
579,120,Julian Hill,MIA,TE,TE3,5.21,-140.86,
580,121,Shane Zylstra,DET,TE,#N/A,5.2,-140.87,
581,122,Tyler Davis,GB,TE,#N/A,5.19,-140.88,
582,123,Tommy Hudson,NO,TE,#N/A,5.15,-140.92,
583,124,Brady Russell,SEA,TE,#N/A,5.1,-140.97,
584,125,Hunter Long,LAR,TE,#N/A,5.06,-141.01,
585,126,Albert Okwuegbunam Jr.,PHI,TE,#N/A,4.9,-141.17,
586,127,Zack Kuntz,NYJ,TE,TE3,4.88,-141.19,
587,128,Eric Tomlinson,IND,TE,#N/A,4.77,-141.3,
588,129,Zach Gentry,LV,TE,#N/A,4.58,-141.49,
588,129,Nate Adkins,DEN,TE,TE4,4.58,-141.49,
590,131,Rodney Williams,PIT,TE,#N/A,4.48,-141.59,
591,132,Chris Manhertz,NYG,TE,#N/A,4.17,-141.9,
592,133,Mitchell Wilcox,NE,TE,TE3,4.15,-141.92,
593,134,Anthony Firkser,NYJ,TE,#N/A,0.41,-145.66,
594,33,Sam Darnold,MIN,QB,QB1,155.69,-180.67,
595,34,Aidan O'Connell,LV,QB,QB2,92.24,-244.11,
596,35,Jacoby Brissett,NE,QB,QB1,90.86,-245.5,
597,36,Justin Fields,PIT,QB,QB2,71.45,-264.9,
598,37,Taysom Hill,NO,QB,QB2,70.96,-265.39,
599,38,Jarrett Stidham,DEN,QB,QB2,55.27,-281.08,
600,39,Sam Howell,SEA,QB,QB2,28.79,-307.56,
601,40,Drew Lock,NYG,QB,QB2,27.64,-308.71,
602,41,Jake Browning,CIN,QB,QB2,23.03,-313.32,
603,42,Michael Penix Jr.,ATL,QB,QB2,22.96,-313.39,
604,43,Josh Johnson,BAL,QB,QB2,22.63,-313.73,
605,44,Jameis Winston,CLE,QB,QB2,21.7,-314.65,
606,45,Joshua Dobbs,SF,QB,QB3,21.31,-315.04,
607,46,Carson Wentz,KC,QB,QB2,20.58,-315.78,
608,47,Mitchell Trubisky,BUF,QB,QB2,20.42,-315.94,
609,48,Jimmy Garoppolo,LAR,QB,QB2,19.91,-316.45,
610,49,Easton Stick,LAC,QB,QB2,19.86,-316.5,
611,50,Tyrod Taylor,NYJ,QB,QB2,19.63,-316.72,
612,51,Marcus Mariota,WAS,QB,QB2,19.28,-317.07,
613,52,Kenny Pickett,PHI,QB,QB2,19.21,-317.15,
614,53,Cooper Rush,DAL,QB,QB2,19.17,-317.19,
615,54,Tyson Bagent,CHI,QB,QB2,19.09,-317.27,
616,55,Joe Flacco,IND,QB,QB2,19.07,-317.28,
617,56,Andy Dalton,CAR,QB,QB2,18.66,-317.7,
618,57,Mac Jones,JAC,QB,QB2,18.4,-317.95,
619,58,Mike White,MIA,QB,#N/A,17.44,-318.91,
620,59,Spencer Rattler,NO,QB,QB3,17.26,-319.09,
621,60,Kyle Trask,TB,QB,QB2,17.23,-319.12,
622,61,Desmond Ridder,ARI,QB,QB2,17.01,-319.35,